task_id,status
9f3f7203-205f-4e5a-996c-e99e0be1c6de,completed
35ac07b0-408e-414e-bf33-a3ee897134e9,completed
99455a1f-add5-425b-9917-39f0495ed76c,completed
19aa5934-5fca-42b1-ab3b-fba0b6065c62,completed
d49596f8-bcbe-49a2-9666-7bbd6f2aafe9,completed
33eec880-85b1-45d9-948b-79a59b483376,completed
b3f4a9f9-5e85-44b8-bd46-a3e3439515aa,completed
16d5c84a-9635-4de6-9cc4-2fc2ee14358b,completed
e00f8b84-7487-401f-8724-34f44891d585,completed
a18b483f-7c6e-4f4c-b8bd-746d8414df31,completed
974e3bc9-2ea3-4ca8-b20a-6b57fcadd54c,completed
91534290-8de0-4672-8a8d-f8c9b375eda6,completed
